{
  "apply_photon" : true,
  "eff_mass" : 1.0,
  "freqs_cm" : 1000.0,
  "E0" : 1e-2,
  "charge_array": [0.17838712, -0.45959968,  0.20237348,  0.07883909],
  "update_charge": true,
  "print_charge": false
}
